Datetime,Water Level (m)
2026-04-16 06:00:00,0.8744476
2026-04-16 07:00:00,1.2230695
2026-04-16 08:00:00,1.3362108
2026-04-16 09:00:00,1.110064
2026-04-16 10:00:00,0.6800976
2026-04-16 11:00:00,0.14690843
2026-04-16 12:00:00,-0.41186985
2026-04-16 13:00:00,-0.93362355
2026-04-16 14:00:00,-1.251443
2026-04-16 15:00:00,-0.70685774
2026-04-16 16:00:00,-0.1397315
2026-04-16 17:00:00,0.3974837
2026-04-16 18:00:00,0.86887723
2026-04-16 19:00:00,1.2470319
2026-04-16 20:00:00,1.3746985
2026-04-16 21:00:00,1.1361839
2026-04-16 22:00:00,0.67956513
2026-04-16 23:00:00,0.1278806
2026-04-17 00:00:00,-0.44235602
2026-04-17 01:00:00,-1.0265317
2026-04-17 02:00:00,-1.408215
2026-04-17 03:00:00,-0.96829593
2026-04-17 04:00:00,-0.34782186
2026-04-17 05:00:00,0.2545123
2026-04-17 06:00:00,0.7812087
2026-04-17 07:00:00,1.2555515
2026-04-17 08:00:00,1.5541718
2026-04-17 09:00:00,1.4963435
2026-04-17 10:00:00,1.1360755
2026-04-17 11:00:00,0.5884245
2026-04-17 12:00:00,0.012811805
2026-04-17 13:00:00,-0.57002133
2026-04-17 14:00:00,-1.0865054
2026-04-17 15:00:00,-1.1704744
2026-04-17 16:00:00,-0.5016671
2026-04-17 17:00:00,0.05878952
2026-04-17 18:00:00,0.5774644
2026-04-17 19:00:00,1.034061
2026-04-17 20:00:00,1.34848
2026-04-17 21:00:00,1.3477353
2026-04-17 22:00:00,1.0157841
2026-04-17 23:00:00,0.5038572
2026-04-18 00:00:00,-0.0697339
2026-04-18 01:00:00,-0.6535151
2026-04-18 02:00:00,-1.1970863
2026-04-18 03:00:00,-1.4012377
2026-04-18 04:00:00,-0.71293163
2026-04-18 05:00:00,-0.08081403
2026-04-18 06:00:00,0.5343251
2026-04-18 07:00:00,1.0526297
2026-04-18 08:00:00,1.495061
2026-04-18 09:00:00,1.6804732
2026-04-18 10:00:00,1.4788249
2026-04-18 11:00:00,1.0279695
2026-04-18 12:00:00,0.45522457
2026-04-18 13:00:00,-0.13975984
2026-04-18 14:00:00,-0.711849
2026-04-18 15:00:00,-1.165843
2026-04-18 16:00:00,-0.85917586
2026-04-18 17:00:00,-0.25904828
2026-04-18 18:00:00,0.2809826
2026-04-18 19:00:00,0.7395242
2026-04-18 20:00:00,1.1718643
2026-04-18 21:00:00,1.3925477
2026-04-18 22:00:00,1.2460356
2026-04-18 23:00:00,0.8531647
2026-04-19 00:00:00,0.30366638
2026-04-19 01:00:00,-0.28540874
2026-04-19 02:00:00,-0.84715974
2026-04-19 03:00:00,-1.3289423
2026-04-19 04:00:00,-1.2121861
2026-04-19 05:00:00,-0.48298445
2026-04-19 06:00:00,0.15176198
2026-04-19 07:00:00,0.745177
2026-04-19 08:00:00,1.2536306
2026-04-19 09:00:00,1.6374224
2026-04-19 10:00:00,1.7096468
2026-04-19 11:00:00,1.4154797
2026-04-19 12:00:00,0.91742843
2026-04-19 13:00:00,0.32785
2026-04-19 14:00:00,-0.2777118
2026-04-19 15:00:00,-0.81506586
2026-04-19 16:00:00,-1.1844862
2026-04-19 17:00:00,-0.7160979
2026-04-19 18:00:00,-0.17251414
2026-04-19 19:00:00,0.3471476
2026-04-19 20:00:00,0.81362987
2026-04-19 21:00:00,1.1964359
2026-04-19 22:00:00,1.343712
2026-04-19 23:00:00,1.1229658
2026-04-20 00:00:00,0.6816439
2026-04-20 01:00:00,0.13308014
2026-04-20 02:00:00,-0.43765274
2026-04-20 03:00:00,-0.988182
2026-04-20 04:00:00,-1.3381736
2026-04-20 05:00:00,-0.8241972
2026-04-20 06:00:00,-0.21487933
2026-04-20 07:00:00,0.4017328
2026-04-20 08:00:00,0.95499957
2026-04-20 09:00:00,1.4609923
2026-04-20 10:00:00,1.7700024
2026-04-20 11:00:00,1.7228674
2026-04-20 12:00:00,1.365418
2026-04-20 13:00:00,0.8188815
2026-04-20 14:00:00,0.23670495
2026-04-20 15:00:00,-0.3265496
2026-04-20 16:00:00,-0.8550309
2026-04-20 17:00:00,-1.0665143
2026-04-20 18:00:00,-0.5374785
2026-04-20 19:00:00,-0.038216542
2026-04-20 20:00:00,0.43484268
2026-04-20 21:00:00,0.8870515
2026-04-20 22:00:00,1.2066149
2026-04-20 23:00:00,1.2549573
2026-04-21 00:00:00,0.97555715
2026-04-21 01:00:00,0.50816154
2026-04-21 02:00:00,-0.019000541
2026-04-21 03:00:00,-0.5791724
2026-04-21 04:00:00,-1.0615767
2026-04-21 05:00:00,-1.1991881
2026-04-21 06:00:00,-0.5933542
2026-04-21 07:00:00,-0.028246876
2026-04-21 08:00:00,0.54757464
2026-04-21 09:00:00,1.0781133
2026-04-21 10:00:00,1.524234
2026-04-21 11:00:00,1.7414268
2026-04-21 12:00:00,1.5991554
2026-04-21 13:00:00,1.1915613
2026-04-21 14:00:00,0.62788564
2026-04-21 15:00:00,0.07226859
2026-04-21 16:00:00,-0.47057897
2026-04-21 17:00:00,-0.9280866
2026-04-21 18:00:00,-0.97933024
2026-04-21 19:00:00,-0.49010623
2026-04-21 20:00:00,-0.03002261
2026-04-21 21:00:00,0.41340947
2026-04-21 22:00:00,0.8441759
2026-04-21 23:00:00,1.1159209
2026-04-22 00:00:00,1.1370007
2026-04-22 01:00:00,0.8648251
2026-04-22 02:00:00,0.3964514
2026-04-22 03:00:00,-0.1157284
2026-04-22 04:00:00,-0.62807465
2026-04-22 05:00:00,-1.054612
2026-04-22 06:00:00,-1.0487281
